deutscher_name,fdc_id,portion_g,fndds_beschreibung
Rindergulasch,2706592,250,"Stew, beef"
Gulasch mit Nudeln,2706593,300,"Stew, beef, with pasta"
Rindfleischsuppe,2710115,300,"Soup, beef"
Rindfleischeintopf mit Klößen,2706631,300,"Beef, dumplings, and vegetables including carrots, broccoli, and/or dark-green leafy; gravy"
Rindergeschnetzeltes,2706382,200,Beef stroganoff
Rindergeschnetzeltes mit Nudeln,2706486,300,Beef stroganoff with noodles
Rindfleisch mit Nudeln und Soße,2706484,300,Beef and noodles with gravy
Rinderbraten,2705847,150,"Beef, roast"
Schmorbraten,2705848,150,"Beef, pot roast"
Rinderrouladen,2706733,250,"Beef rolls, stuffed with vegetables or meat mixture, tomato-based sauce"
Schweinebraten,2705882,150,"Pork, roast"
Schnitzel paniert,2705869,150,"Pork, chop, coated, NS as to fat eaten"
Schweinekotelett,2705867,150,"Pork, chop, lean and fat eaten"
Burger-Patty,2705855,120,"Beef, ground, patty"
Hackbraten,2706583,200,"Meat loaf made with beef and pork, with tomato-based sauce"
Königsberger Klopse,2706384,250,Swedish meatballs with cream or white sauce
Hackbällchen in Soße,2706467,250,"Meatballs, NS as to type of meat, with sauce"
Kohlrouladen,2706620,300,Stuffed cabbage rolls with beef and rice
Chili con Carne ohne Bohnen,2706377,300,Chili with meat
Labskaus,2706477,250,Corned beef hash
Bratwurst mit Käse,2706175,120,"Bratwurst, with cheese"
Bratwurst mit Sauerkraut,2706757,250,Frankfurters or hot dogs and sauerkraut
Knackwurst,2706181,100,Knockwurst
Leber mit Zwiebeln,2706876,180,"Liver, beef or calves, and onions"
Lammtopf mit Kartoffeln,2706522,300,Lamb or mutton and potatoes with gravy
Lammspieß mit Gemüse,2706780,200,"Lamb shish kabob with vegetables, excluding potatoes"
Gyros im Fladenbrot,2706962,250,Gyro sandwich
Hühnerfrikassee,2706429,250,Chicken or turkey fricassee
Hähnchen mit Klößen,2706543,300,Chicken or turkey with dumplings
Hähnchenpfanne mit Gemüse,2706782,250,"Chicken or turkey and vegetables excluding carrots, broccoli, and dark-green leafy; no potatoes, no sauce"
Hähnchencurry,2706437,250,Chicken curry
Hähnchencurry mit Reis,2706438,350,Chicken curry with rice
Hähnchenbrust gebraten,2705956,150,"Chicken breast, baked, broiled, or roasted, skin not eaten, from raw"
Hähnchenschnitzel paniert,2705973,150,"Chicken breast, fried, coated, skin / coating eaten, from raw"
Putenbraten,2706113,150,"Turkey, light and dark meat, roasted, skin not eaten"
Ente gebraten,2706140,150,"Duck, roasted, skin not eaten"
Lachsfilet gebraten,2706289,150,"Fish, salmon, fried"
Lachsfilet gebacken,2706286,150,"Fish, salmon, baked or broiled"
Backfisch,2706244,150,"Fish, cod, fried"
Fischfrikadelle,2706552,100,"Fish, salmon cake or patty"
Fischcurry,2706460,250,Fish curry
Thunfischauflauf,2706718,300,Tuna noodle casserole with vegetables and mushroom sauce
Lasagne vegetarisch,2708758,350,"Lasagna, meatless"
Nudeln mit Tomatensoße,2708826,350,Pasta with tomato-based sauce and cheese
Nudeln mit Sahnesoße,2708862,350,"Pasta with cream sauce and meat, home recipe"
Bolognesesoße,2706470,150,Spaghetti sauce with meat
Nudelauflauf,2708818,300,Macaroni or noodles with cheese and meat
Käsespätzle,2708811,250,Macaroni or noodles with cheese
Maultaschen,2708763,250,"Ravioli, meat-filled, no sauce"
Tortellini mit Tomatensoße,2708787,300,"Tortellini, cheese-filled, meatless, with tomato sauce"
Cannelloni mit Käsefüllung,2708775,300,"Manicotti, cheese-filled, no sauce"
Gnocchi,2708722,250,"Gnocchi, potato"
Kartoffelauflauf,2709450,300,"Potato, scalloped, from fresh"
Kartoffelauflauf mit Fleisch,2709451,300,"Potato, scalloped, from fresh, with meat"
Brokkoliauflauf,2709654,300,Broccoli casserole with noodles
Kartoffelpuffer,2709552,150,Potato pancake
Ofenkartoffeln,2709403,200,"Potato, roasted, from fresh, peel eaten, NS as to fat"
Kartoffelsalat mit Ei und Mayonnaise,2709532,200,"Potato salad with egg, made with mayonnaise"
Nudelsalat mit Wurst,2708948,200,Macaroni or pasta salad with meat
Bulgursalat,2709131,200,Tabbouleh
Gurkensalat,2709819,150,"Cucumber salad, made with sour cream dressing"
Tomaten-Gurken-Salat,2709756,150,"Tomato and cucumber salad made with tomato, cucumber, oil, and vinegar"
Gemüsepfanne,2710036,200,"Asian stir fry vegetables, cooked, fat added"
Gemüsecurry,2710067,250,Vegetable curry
Gemüsecurry mit Reis,2710068,350,Vegetable curry with rice
Linsencurry,2707431,250,Lentil curry
Reispfanne mit Gemüse,2709063,250,"Rice, brown, with carrots and dark green vegetables, fat added"
Couscous gekocht,2708441,200,"Couscous, plain, cooked"
Rotkohl,2709893,150,"Cabbage, red, cooked"
Sauerkraut,2709982,150,Sauerkraut
Grünkohl,2709603,150,"Kale, fresh, cooked, fat added"
Rahmspinat,2709628,150,"Spinach, creamed"
Linseneintopf,2707463,350,"Soup, lentil, with meat"
Linsensuppe,2707462,350,"Soup, lentil"
Erbsensuppe,2707458,350,"Soup, split pea, with meat"
Erbsensuppe vegetarisch,2707459,350,"Soup, split pea"
Bohneneintopf,2707457,350,"Soup, bean, with meat"
Kartoffelsuppe,2709556,350,"Soup, potato"
Kartoffelsuppe mit Wurst,2709557,350,"Soup, potato with meat"
Tomatencremesuppe,2709758,300,"Soup, cream of tomato"
Zwiebelsuppe,2710108,300,"Soup, French onion"
Champignoncremesuppe,2710107,300,"Soup, cream of mushroom"
Hühnernudelsuppe,2709149,350,"Soup, chicken noodle"
Fleischklößchensuppe,2707123,350,"Soup, meatball"
Rührei mit Speck und Käse,2707224,150,"Egg omelet or scrambled egg, with cheese and meat, made with butter"
Pfannkuchen,2708294,120,"Pancakes, NFS"
Crêpes,2708342,120,"Crepe, plain"
Milchreis,2705685,200,"Pudding, rice"
Quiche mit Fleisch,2708731,150,"Quiche with meat, poultry or fish"
Käsequiche,2708733,150,"Cheese quiche, meatless"
Spinatquiche,2708732,150,"Spinach quiche, meatless"
Pizza mit Fleisch und Gemüse,2708663,300,"Pizza with meat and vegetables, from restaurant or fast food, thin crust"
Pizza mit Käse und Gemüse,2708629,300,"Pizza with cheese and extra vegetables, thin crust"
Rösti,2709477,200,"Potato, hash brown, NFS"
Pellkartoffeln,2709395,200,"Potato, boiled, from fresh,  peel eaten, no added fat"
Rindfleisch mit Gemüse,2706731,250,"Beef with vegetables including carrots, broccoli, and/or dark-green leafy; no potatoes, tomato-based sauce"
Rindfleisch mit Reis,2706491,300,Beef and rice with tomato-based sauce
Hähnchen mit Reis,2706541,300,Chicken or turkey and rice with tomato-based sauce
Fisch mit Reis,2706573,300,Fish and rice with tomato-based sauce
Schweinefleisch in Tomatensoße,2706404,250,Ham or pork with tomato-based sauce
Rinderhackbraten,2706500,200,"Meat loaf made with beef, with tomato-based sauce"
Geflügelhackbraten,2706548,200,"Meat loaf made with chicken or turkey, with tomato-based sauce"
Nudeln mit Sahnesoße und Gemüse,2708859,350,"Pasta with cream sauce and added vegetables, from home recipe"
Hähnchen Chop Suey mit Nudeln,2706687,300,Chicken or turkey chow mein or chop suey with noodles
Krautsalat,2709815,150,Coleslaw
Eiersalat,2707186,100,"Egg salad, made with creamy dressing"
Bohnensalat,2710009,150,"Bean salad, yellow and/or green string beans"
Möhren gedünstet,2709669,150,"Carrots, NS as to form, cooked"
Rote Bete gekocht,2709874,150,"Beets, NS as to form, cooked"
Spargel gekocht,2709837,200,"Asparagus, NS as to form, cooked"
Champignons gebraten,2709942,150,"Mushrooms, fresh, cooked with butter or margarine"
